ACAPTUREBTM,C5,DRAWER BOX CAPTURE BOTTOM,1
ADOORTYPE,A3,DOOR FRONT TYPE (1=VG 2=FP 3=RP 4=HG),1
ADRAWERHREG,A1,DRAWER FRONT HEIGHT TOP,6.25
ADRAWERTYPE,A2,DRAWER FRONT TYPE (1=VG 2=FP 3=RP 4=HG),1
AFINDOORINT,B6,FINISH DOOR INTERIOR (0=NO 1=YES),1
APULLINSETH,B7,PULL INSET HEIGHT,3
APULLINSETW,B8,PULL INSET WIDTH,2
ATOEBASEH,A9,TOEBASE HEIGHT,4
CBOXBACKCLEAR,C4,DRAWER BOX BACK CLEARANCE,0.5
CBOXSIDECLEAR,C1,DRAWER BOX SIDE CLEARANCE,0.5
CBOXTOPCLEAR,C3,DRAWER BOX TOP CLEARANCE,0.25
CDEPTHINC,C2,DRAWER BOX DEPTH INCREMENT (2IN OR 3IN),2
CLIGHTRAIL,A8,LIGHT RAIL,0
CRAILW,M1,RAIL WIDTH,4
CREVBTM,B3,BASE/TALL DOOR REVEAL BOTTOM,0.125
CREVBTMWALL,B3,WALL DOOR BOTTOM REVEAL,0.125
CREVEDGE,B1,DOOR REVEAL EDGE,0.062
CREVTOP,B1,BASE DOOR REVEAL TOP,0.125
CREVTOPWALL,B2,WALL DOOR TOP REVEAL,0.125
CSRBTMRAILW,B2,S/R BASE/TALL DOOR BOTTOM RAIL WIDTH,3
CSRDFBTMRAILW,B3,S/R DRAWER FRONT BOTTOM RAIL WIDTH,1.5
CSRDFTOPRAILW,B4,S/R DRAWER FRONT TOP RAIL WIDTH,1.5
CSRSTILEW,B1,STILE WIDTH,3
CSRTOPRAILW,B5,S/R BASE/TALL DOOR TOP RAIL WIDTH,3
CDOORRPINSET,B9,DOOR/DRAWER FRONT PANEL INSET,1.5
MBACFULLTHK,M7,BACK FULL PANEL THICKNESS,0.75
MBACTHK,M6,BACK PANEL THICKNESS,0.25
MDOORPATHICK,M10,DOOR PANEL THICK (FLAT PANEL),0.5
MDOORTHICK,M9,DOOR SLAB THICKNESS,0.75
MDRAWERBTHICK,M3,DRAWER BOX BOTTOM THICKNESS,0.25
MDRAWERTHICK,M2,DRAWER BOX MATERIAL THICKNESS,0.5
MHORZTHK,M5,HORIZONTAL PART THICKNESS,0.75
MSHELFTHK,M8,SHELF THICKNESS,0.75
MSIDETHK,M4,SIDE PANEL THICKNESS,0.75
TASSEMBASE,TB2,ASSEMBLY TIME FOR BASE LF,1
TASSEMTALL,TT2,ASSEMBLY TIME FOR TALL LF,1.5
TASSEMWALL,TW2,ASSEMBLY TIME FOR WALL LF,0.5
TFINISHBASE,TB3,FINISH TIME FOR BASE LF,0.5
TFINISHTALL,TT3,FINISH TIME FOR TALL LF,1
TFINISHWALL,TW3,FINISH TIME FOR WALL LF,0.5
TINSTALLBASE,TB4,INSTALL TIME FOR BASE LF,0.5
TINSTALLTALL,TT4,INSTALL TIME FOR TALL LF,1
TINSTALLWALL,TW4,INSTALL TIME FOR WALL LF,0.5
TMACHBASE,TB1,MACHINE TIME FOR BASE LF,0.5
TMACHTALL,TT1,MACHINE TIME FOR TALL LF,1
TMACHWALL,TW1,MACHINE TIME FOR WALL LF,0.5
ZCOMMON,A0,###### COMMON ATTRIBUTES ######,
ZCONST,M0,##### CONSTRUCTION ATTRIBITES #####,
ZDOOR,B0,####### DOOR ATTRIBUTES #######,
ZDRAWER,C0,###### DRAWER BOX ATTRIBITES #####,
ZLABOR,T0,##### LABOR TIME ATTRIBITES #####,
